CustomerID,Name,City,Age,Income,SignupDate,PurchaseAmount
CUST1000,Rahul Verma,Delhi,21.0,119704.0,2024-10-21,30910.0
CUST1001,Priya Singh,Bangalore,39.0,74872.0,2024-08-28,1947.0
CUST1002,Rahul Verma,Mumbai,44.0,93465.0,2024-08-04,7516.0
CUST1003,Anjali Nair,Bangalore,42.0,91295.0,2024-06-29,23407.0
CUST1004,Anjali Nair,MUMBAI,48.0,88591.0,2024-12-05,8966.0
CUST1005,Anjali Nair,Delhi,25.0,31046.0,2023-01-02,8521.0
CUST1006,Rahul Verma,delhi,54.0,38039.0,2023-10-02,41279.0
CUST1007,Pooja Iyer,Chennai,55.0,58505.0,2023-01-03,38544.0
CUST1008,Amit Sharma,MUMBAI,66.0,16520.0,2024-05-12,13065.0
CUST1009,Amit Sharma,,47.0,106145.0,2024-05-18,-100.0
CUST1010,Sneha Gupta,MUMBAI,28.0,123620.0,2023-02-14,1519.0
CUST1011,Amit Sharma,Bangalore,57.0,,2023-09-15,26886.0
CUST1012,Pooja Iyer,delhi,-5.0,32387.0,2024-04-26,5535.0
CUST1013,Vikram Rao,MUMBAI,34.0,80899.0,2025-02-15,6284.0
CUST1014,Sneha Gupta,MUMBAI,27.0,64285.0,2025-05-13,17373.0
CUST1015,Priya Singh,Delhi,-5.0,97780.0,2023-07-20,16008.0
CUST1016,Karan Mehta,Mumbai,50.0,136660.0,2024-04-16,40816.0
CUST1017,Rahul Verma,,46.0,112769.0,2024-03-11,6657.0
CUST1018,Pooja Iyer,Kolkata,-5.0,64880.0,2024-02-25,19627.0
CUST1019,Anjali Nair,Kolkata,41.0,116998.0,2023-02-05,37577.0
CUST1020,Amit Sharma,Mumbai,52.0,95571.0,2023-08-10,8620.0
CUST1021,Pooja Iyer,Mumbai,52.0,37266.0,2024-03-02,29947.0
CUST1022,Vikram Rao,delhi,57.0,33677.0,2024-11-15,25353.0
CUST1023,Pooja Iyer,MUMBAI,52.0,,2024-08-25,15400.0
CUST1024,Amit Sharma,Chennai,30.0,141872.0,2023-10-27,19819.0
CUST1025,Rahul Verma,Delhi,25.0,139064.0,2023-10-10,21239.0
CUST1026,Karan Mehta,MUMBAI,41.0,111018.0,2023-01-07,
CUST1027,Karan Mehta,,63.0,123428.0,2024-05-31,-100.0
CUST1028,Vikram Rao,Delhi,53.0,74997.0,2024-01-05,4571.0
CUST1029,Sneha Gupta,Chennai,50.0,35960.0,2023-09-11,6925.0
CUST1030,Karan Mehta,Chennai,40.0,52662.0,2023-09-03,12663.0
CUST1031,Pooja Iyer,Delhi,32.0,79956.0,2023-02-08,
CUST1032,Anjali Nair,,39.0,29609.0,2024-06-03,48702.0
CUST1033,Priya Singh,Bangalore,52.0,28557.0,2025-04-01,13282.0
CUST1034,Vikram Rao,MUMBAI,67.0,143956.0,2025-04-20,18421.0
CUST1035,Anjali Nair,,67.0,77154.0,2024-12-26,9188.0
CUST1036,Vikram Rao,Kolkata,-5.0,124947.0,2024-10-02,19992.0
CUST1037,Anjali Nair,Kolkata,60.0,131759.0,2023-12-07,1926.0
CUST1038,Priya Singh,MUMBAI,49.0,47616.0,2023-10-08,40177.0
CUST1039,Rahul Verma,MUMBAI,46.0,104226.0,2023-11-12,13666.0
CUST1040,Karan Mehta,Chennai,38.0,83051.0,2024-08-18,14776.0
CUST1041,Karan Mehta,Kolkata,67.0,17329.0,2023-09-26,-100.0
CUST1042,Anjali Nair,MUMBAI,38.0,147637.0,2024-05-05,31867.0
CUST1043,Pooja Iyer,delhi,40.0,37543.0,2023-06-06,27206.0
CUST1044,Vikram Rao,Delhi,25.0,46810.0,2024-12-06,41735.0
CUST1045,Vikram Rao,MUMBAI,69.0,57192.0,2023-03-30,41879.0
CUST1046,Pooja Iyer,Mumbai,36.0,54210.0,2025-03-23,8340.0
CUST1047,Karan Mehta,Delhi,64.0,113272.0,2023-09-11,
CUST1048,Rahul Verma,Bangalore,24.0,,2023-06-11,33545.0
CUST1049,Anjali Nair,Mumbai,23.0,109237.0,2023-02-17,32269.0
CUST1050,Karan Mehta,Bangalore,51.0,57840.0,2024-07-21,22540.0
CUST1051,Priya Singh,Mumbai,38.0,94098.0,2024-02-18,4545.0
CUST1052,Amit Sharma,,61.0,15161.0,2024-06-16,-100.0
CUST1053,Amit Sharma,delhi,50.0,74902.0,2023-01-09,5091.0
CUST1054,Vikram Rao,Mumbai,68.0,133451.0,2024-12-23,29363.0
CUST1055,Rahul Verma,delhi,19.0,27180.0,2023-11-10,
CUST1056,Priya Singh,Chennai,68.0,90394.0,2024-10-07,20239.0
CUST1057,Sneha Gupta,MUMBAI,45.0,49718.0,2025-02-11,36552.0
CUST1058,Pooja Iyer,MUMBAI,51.0,40088.0,2023-11-23,20005.0
CUST1059,Rahul Verma,Chennai,50.0,,2025-03-23,44360.0
CUST1060,Karan Mehta,Mumbai,,38228.0,2024-02-10,35337.0
CUST1061,Anjali Nair,Kolkata,41.0,111376.0,2023-07-01,32023.0
CUST1062,Vikram Rao,Delhi,31.0,118762.0,2024-03-19,890.0
CUST1063,Rahul Verma,delhi,29.0,85978.0,2024-11-04,5185.0
CUST1064,Sneha Gupta,Mumbai,51.0,110633.0,2024-08-03,3476.0
CUST1065,Priya Singh,Chennai,20.0,132819.0,2023-10-14,24624.0
CUST1066,Karan Mehta,,42.0,74338.0,2025-01-11,733.0
CUST1067,Anjali Nair,Kolkata,67.0,101889.0,2023-09-11,49536.0
CUST1068,Pooja Iyer,Mumbai,69.0,73790.0,2024-11-13,-100.0
CUST1069,Anjali Nair,Chennai,54.0,94544.0,2024-11-25,8001.0
CUST1070,Rahul Verma,MUMBAI,49.0,86627.0,2024-12-22,33562.0
CUST1071,Sneha Gupta,Bangalore,49.0,30000.0,2024-02-01,14687.0
CUST1072,Rahul Verma,Kolkata,66.0,68262.0,2025-01-23,46099.0
CUST1073,Pooja Iyer,MUMBAI,20.0,100583.0,2024-06-02,20266.0
CUST1074,Pooja Iyer,Delhi,,18235.0,2023-03-16,31989.0
CUST1075,Rahul Verma,delhi,39.0,119867.0,2024-07-13,
CUST1076,Priya Singh,Kolkata,67.0,98159.0,2024-01-03,25958.0
CUST1077,Anjali Nair,Kolkata,45.0,100538.0,2023-03-10,48742.0
CUST1078,Sneha Gupta,Chennai,37.0,125442.0,2025-02-11,34746.0
CUST1079,Priya Singh,,,44807.0,2024-04-02,4162.0
CUST1080,Anjali Nair,Kolkata,54.0,130161.0,2023-01-27,37099.0
CUST1081,Sneha Gupta,Delhi,-5.0,28350.0,2024-11-26,28919.0
CUST1082,Rahul Verma,Chennai,64.0,22926.0,2023-10-25,6284.0
CUST1083,Rahul Verma,delhi,59.0,118951.0,2023-02-22,25700.0
CUST1084,Amit Sharma,Mumbai,51.0,69082.0,2023-12-03,27260.0
CUST1085,Vikram Rao,MUMBAI,22.0,32049.0,2023-02-09,44584.0
CUST1086,Priya Singh,Kolkata,23.0,123673.0,2023-10-09,40040.0
CUST1087,Priya Singh,Chennai,34.0,98747.0,2024-08-21,30273.0
CUST1088,Vikram Rao,Mumbai,63.0,128886.0,2024-03-14,25212.0
CUST1089,Vikram Rao,Chennai,-5.0,116160.0,2023-05-19,8747.0
CUST1090,Rahul Verma,MUMBAI,61.0,45202.0,2023-01-21,4741.0
CUST1091,Sneha Gupta,Bangalore,28.0,55487.0,2023-06-29,43248.0
CUST1092,Amit Sharma,Delhi,56.0,79117.0,2025-04-02,1522.0
CUST1093,Amit Sharma,delhi,43.0,123023.0,2024-06-07,27466.0
CUST1094,Amit Sharma,Delhi,25.0,81383.0,2023-01-16,3357.0
CUST1095,Rahul Verma,Kolkata,39.0,83539.0,2024-10-15,41373.0
CUST1096,Amit Sharma,Bangalore,21.0,140932.0,2023-03-17,9274.0
CUST1097,Karan Mehta,,30.0,28888.0,2024-08-11,30853.0
CUST1098,Sneha Gupta,Delhi,32.0,147075.0,2025-03-18,45649.0
CUST1099,Rahul Verma,MUMBAI,50.0,84292.0,2024-07-26,29981.0
CUST1100,Vikram Rao,Chennai,46.0,146838.0,2024-05-03,
CUST1101,Sneha Gupta,MUMBAI,66.0,145153.0,2023-07-26,
CUST1102,Vikram Rao,Kolkata,48.0,86493.0,2023-01-09,30116.0
CUST1103,Amit Sharma,Bangalore,61.0,74668.0,2024-11-13,6558.0
CUST1104,Priya Singh,Bangalore,62.0,39889.0,2025-01-19,38432.0
CUST1105,Pooja Iyer,Kolkata,49.0,127397.0,2025-05-17,47429.0
CUST1106,Rahul Verma,Kolkata,34.0,99557.0,2023-08-04,17409.0
CUST1107,Anjali Nair,delhi,37.0,65372.0,2023-01-09,
CUST1108,Amit Sharma,Mumbai,19.0,73504.0,2023-11-06,38914.0
CUST1109,Anjali Nair,Kolkata,48.0,21589.0,2023-06-08,23429.0
CUST1110,Pooja Iyer,,32.0,70386.0,2024-05-17,9918.0
CUST1111,Rahul Verma,MUMBAI,36.0,115855.0,2024-06-23,24986.0
CUST1112,Pooja Iyer,Delhi,150.0,100800.0,2023-04-11,23324.0
CUST1113,Pooja Iyer,MUMBAI,46.0,106557.0,2024-02-28,12556.0
CUST1114,Priya Singh,Bangalore,33.0,93409.0,2024-01-06,1002.0
CUST1115,Vikram Rao,,37.0,125293.0,2024-11-11,15898.0
CUST1116,Anjali Nair,,53.0,35219.0,2024-03-31,32626.0
CUST1117,Pooja Iyer,MUMBAI,63.0,96282.0,2023-08-26,43618.0
CUST1118,Rahul Verma,Kolkata,54.0,45004.0,2024-10-21,39126.0
CUST1119,Karan Mehta,,53.0,89276.0,2023-11-20,46696.0
CUST1120,Sneha Gupta,Kolkata,57.0,139450.0,2023-11-06,49292.0
CUST1121,Pooja Iyer,,65.0,123674.0,2025-04-18,42180.0
CUST1122,Karan Mehta,Kolkata,,54226.0,2024-01-16,37615.0
CUST1123,Amit Sharma,Chennai,28.0,57568.0,2023-05-13,9539.0
CUST1124,Sneha Gupta,Mumbai,50.0,124992.0,2024-06-22,27096.0
CUST1125,Pooja Iyer,Kolkata,60.0,77760.0,2023-10-11,5717.0
CUST1126,Pooja Iyer,Bangalore,35.0,19683.0,2023-08-03,37298.0
CUST1127,Pooja Iyer,Chennai,58.0,57174.0,2024-04-06,
CUST1128,Vikram Rao,Bangalore,,22986.0,2024-01-31,9917.0
CUST1129,Rahul Verma,Kolkata,37.0,130434.0,2025-03-10,27243.0
CUST1130,Priya Singh,Chennai,44.0,100339.0,2023-12-19,44684.0
CUST1131,Pooja Iyer,Delhi,53.0,39902.0,2023-12-26,35026.0
CUST1132,Vikram Rao,Bangalore,66.0,21591.0,2024-01-30,36910.0
CUST1133,Vikram Rao,,45.0,95436.0,2023-01-16,11417.0
CUST1134,Priya Singh,Kolkata,69.0,25963.0,2024-07-02,15012.0
CUST1135,Amit Sharma,delhi,18.0,70262.0,2023-09-20,31967.0
CUST1136,Priya Singh,Delhi,39.0,23478.0,2024-01-20,
CUST1137,Amit Sharma,Chennai,69.0,111891.0,2024-06-01,45396.0
CUST1138,Anjali Nair,,64.0,138196.0,2023-03-16,17827.0
CUST1139,Amit Sharma,,23.0,103043.0,2024-08-06,2734.0
CUST1140,Amit Sharma,Bangalore,35.0,,2024-08-23,46039.0
CUST1141,Sneha Gupta,Delhi,24.0,32694.0,2025-05-05,29359.0
CUST1142,Sneha Gupta,,26.0,69520.0,2023-04-24,2883.0
CUST1143,Amit Sharma,delhi,41.0,,2025-03-12,20492.0
CUST1144,Rahul Verma,Chennai,34.0,136898.0,2023-07-27,40737.0
CUST1145,Sneha Gupta,Delhi,38.0,113642.0,2023-09-20,4112.0
CUST1146,Priya Singh,,21.0,124695.0,2023-03-24,18202.0
CUST1147,Karan Mehta,MUMBAI,,19818.0,2024-07-07,16655.0
CUST1148,Sneha Gupta,Mumbai,24.0,87681.0,2024-05-24,34846.0
CUST1149,Sneha Gupta,MUMBAI,,,2024-07-24,3854.0
CUST1150,Karan Mehta,delhi,58.0,24053.0,2024-03-25,43484.0
CUST1151,Karan Mehta,Mumbai,55.0,73160.0,2024-09-21,9268.0
CUST1152,Sneha Gupta,Mumbai,53.0,146423.0,2025-02-22,23732.0
CUST1153,Priya Singh,Chennai,20.0,49415.0,2024-12-21,30386.0
CUST1154,Vikram Rao,Delhi,,60452.0,2023-09-25,17886.0
CUST1155,Vikram Rao,Kolkata,49.0,,2025-05-12,
CUST1156,Karan Mehta,Delhi,46.0,132451.0,2023-05-31,12523.0
CUST1157,Vikram Rao,Mumbai,65.0,50712.0,2025-03-06,40202.0
CUST1158,Rahul Verma,Kolkata,69.0,139279.0,2023-06-21,22499.0
CUST1159,Anjali Nair,MUMBAI,61.0,102993.0,2023-07-21,32669.0
CUST1160,Anjali Nair,Bangalore,67.0,45361.0,2023-04-29,36784.0
CUST1161,Rahul Verma,Bangalore,60.0,86770.0,2023-11-13,6923.0
CUST1162,Anjali Nair,Kolkata,25.0,18688.0,2023-01-24,1845.0
CUST1163,Karan Mehta,Bangalore,25.0,30743.0,2024-12-05,36195.0
CUST1164,Vikram Rao,Kolkata,54.0,99305.0,2024-01-02,16492.0
CUST1165,Priya Singh,,150.0,98814.0,2023-08-12,21841.0
CUST1166,Priya Singh,Mumbai,,,2025-05-14,34457.0
CUST1167,Amit Sharma,Bangalore,43.0,49612.0,2024-11-22,45101.0
CUST1168,Amit Sharma,MUMBAI,36.0,22609.0,2023-01-20,12269.0
CUST1169,Rahul Verma,Bangalore,38.0,119245.0,2024-05-22,33628.0
CUST1170,Pooja Iyer,Chennai,62.0,38857.0,2023-08-22,5558.0
CUST1171,Vikram Rao,,67.0,114071.0,2023-12-07,
CUST1172,Pooja Iyer,delhi,28.0,,2024-10-22,10456.0
CUST1173,Pooja Iyer,Chennai,46.0,96199.0,2024-12-10,22548.0
CUST1174,Karan Mehta,Mumbai,53.0,35569.0,2024-09-08,24344.0
CUST1175,Amit Sharma,Chennai,40.0,58287.0,2024-11-10,
CUST1176,Anjali Nair,Kolkata,150.0,124410.0,2023-05-06,48859.0
CUST1177,Anjali Nair,,59.0,121141.0,2023-09-28,
CUST1178,Anjali Nair,Mumbai,64.0,119570.0,2023-06-24,27751.0
CUST1179,Rahul Verma,,19.0,46846.0,2025-02-21,7479.0
CUST1180,Amit Sharma,delhi,27.0,,2023-04-26,33552.0
CUST1181,Sneha Gupta,MUMBAI,51.0,22365.0,2025-02-20,33133.0
CUST1182,Karan Mehta,Mumbai,51.0,25896.0,2024-01-31,13255.0
CUST1183,Karan Mehta,Chennai,41.0,135272.0,2023-10-13,21400.0
CUST1184,Vikram Rao,Chennai,45.0,89166.0,2023-08-07,3806.0
CUST1185,Priya Singh,Kolkata,45.0,81993.0,2023-05-07,22285.0
CUST1186,Amit Sharma,Bangalore,33.0,20235.0,2023-04-30,15909.0
CUST1187,Anjali Nair,MUMBAI,41.0,140561.0,2024-10-03,
CUST1188,Priya Singh,,-5.0,44282.0,2023-05-10,19451.0
CUST1189,Anjali Nair,delhi,64.0,141613.0,2024-02-07,34819.0
CUST1190,Vikram Rao,Chennai,61.0,104180.0,2024-01-05,6568.0
CUST1191,Rahul Verma,delhi,62.0,50619.0,2023-06-05,18138.0
CUST1192,Karan Mehta,Delhi,40.0,42865.0,2024-06-14,
CUST1193,Sneha Gupta,Bangalore,18.0,27028.0,2023-09-16,17295.0
CUST1194,Vikram Rao,Delhi,63.0,18299.0,2024-05-09,27611.0
CUST1195,Sneha Gupta,Delhi,34.0,39813.0,2023-06-22,47065.0
CUST1196,Sneha Gupta,Delhi,-5.0,141968.0,2024-02-04,-100.0
CUST1197,Rahul Verma,MUMBAI,68.0,48252.0,2024-03-27,38687.0
CUST1198,Amit Sharma,MUMBAI,67.0,72698.0,2023-06-05,39041.0
CUST1199,Vikram Rao,Delhi,66.0,92485.0,2023-08-11,10649.0
CUST1200,Karan Mehta,MUMBAI,53.0,121442.0,2024-10-21,12444.0
CUST1201,Karan Mehta,Kolkata,36.0,21648.0,2024-06-09,45263.0
CUST1202,Vikram Rao,Chennai,69.0,65683.0,2024-07-29,34336.0
CUST1203,Sneha Gupta,Kolkata,50.0,58710.0,2024-12-27,25671.0
CUST1204,Anjali Nair,Bangalore,-5.0,47814.0,2023-03-14,42242.0
CUST1205,Sneha Gupta,,27.0,45756.0,2023-05-21,44087.0
CUST1206,Vikram Rao,,50.0,100992.0,2024-11-09,4388.0
CUST1207,Rahul Verma,MUMBAI,49.0,57105.0,2023-06-07,32222.0
CUST1208,Amit Sharma,Bangalore,34.0,129316.0,2024-10-03,44568.0
CUST1209,Vikram Rao,Chennai,34.0,121320.0,2025-02-12,28961.0
CUST1210,Rahul Verma,delhi,42.0,114482.0,2024-02-17,10673.0
CUST1211,Priya Singh,Delhi,51.0,40079.0,2024-02-25,12486.0
CUST1212,Rahul Verma,Mumbai,22.0,91383.0,2024-08-01,6391.0
CUST1213,Rahul Verma,Bangalore,23.0,119101.0,2024-04-30,33649.0
CUST1214,Pooja Iyer,delhi,49.0,27626.0,2024-06-11,20644.0
CUST1215,Amit Sharma,Chennai,54.0,33122.0,2024-11-11,36149.0
CUST1216,Priya Singh,Chennai,65.0,101052.0,2023-07-25,35595.0
CUST1217,Pooja Iyer,delhi,26.0,26975.0,2023-07-15,49935.0
CUST1218,Anjali Nair,Bangalore,51.0,121358.0,2023-06-25,2608.0
CUST1219,Vikram Rao,Bangalore,61.0,74231.0,2024-08-27,
CUST1220,Amit Sharma,Mumbai,21.0,41027.0,2023-02-13,20524.0
CUST1221,Karan Mehta,Chennai,21.0,,2024-02-14,27558.0
CUST1222,Priya Singh,Delhi,46.0,143529.0,2023-06-12,26916.0
CUST1223,Amit Sharma,Chennai,-5.0,66566.0,2024-03-17,31759.0
CUST1224,Amit Sharma,delhi,60.0,40483.0,2023-05-06,29562.0
CUST1225,Priya Singh,delhi,39.0,67240.0,2025-02-23,8148.0
CUST1226,Anjali Nair,Mumbai,44.0,85869.0,2024-11-20,36986.0
CUST1227,Sneha Gupta,,57.0,129209.0,2023-05-26,46308.0
CUST1228,Pooja Iyer,MUMBAI,40.0,61498.0,2025-02-19,28565.0
CUST1229,Priya Singh,Delhi,49.0,110758.0,2024-05-31,48139.0
CUST1230,Amit Sharma,,55.0,,2023-04-12,27016.0
CUST1231,Karan Mehta,Delhi,55.0,84528.0,2024-04-23,31920.0
CUST1232,Anjali Nair,Bangalore,53.0,130999.0,2025-04-25,
CUST1233,Priya Singh,Bangalore,51.0,123728.0,2023-08-28,34556.0
CUST1234,Karan Mehta,Bangalore,55.0,57859.0,2024-11-17,14454.0
CUST1235,Pooja Iyer,Mumbai,44.0,103319.0,2023-10-26,
CUST1236,Anjali Nair,Mumbai,51.0,125050.0,2024-03-08,16747.0
CUST1237,Priya Singh,Delhi,30.0,68516.0,2025-05-19,47825.0
CUST1238,Anjali Nair,Mumbai,21.0,85200.0,2023-12-31,32441.0
CUST1239,Pooja Iyer,Delhi,,139779.0,2023-01-02,43434.0
CUST1240,Pooja Iyer,Mumbai,43.0,97377.0,2024-04-01,4220.0
CUST1241,Vikram Rao,Chennai,150.0,134670.0,2023-12-15,29856.0
CUST1242,Amit Sharma,MUMBAI,18.0,99080.0,2024-01-14,49147.0
CUST1243,Amit Sharma,Kolkata,44.0,79820.0,2025-02-01,
CUST1244,Vikram Rao,MUMBAI,36.0,117093.0,2023-10-18,2743.0
CUST1245,Anjali Nair,,62.0,33895.0,2023-06-18,
CUST1246,Anjali Nair,Kolkata,25.0,29378.0,2024-01-31,-100.0
CUST1247,Priya Singh,MUMBAI,20.0,129794.0,2024-08-11,24545.0
CUST1248,Amit Sharma,Bangalore,62.0,104059.0,2024-11-12,45349.0
CUST1249,Sneha Gupta,Chennai,34.0,136459.0,2023-08-20,30591.0
CUST1250,Karan Mehta,Chennai,60.0,,2024-09-06,44469.0
CUST1251,Rahul Verma,MUMBAI,31.0,36183.0,2024-12-17,32032.0
CUST1252,Karan Mehta,Chennai,150.0,24824.0,2024-06-09,17159.0
CUST1253,Karan Mehta,,34.0,63996.0,2024-01-14,14606.0
CUST1254,Rahul Verma,MUMBAI,24.0,27028.0,2023-10-25,35295.0
CUST1255,Karan Mehta,Bangalore,59.0,,2024-06-14,21086.0
CUST1256,Priya Singh,Delhi,36.0,19341.0,2023-08-16,5100.0
CUST1257,Anjali Nair,Mumbai,19.0,109638.0,2024-03-11,22529.0
CUST1258,Amit Sharma,Bangalore,47.0,146750.0,2023-06-18,1116.0
CUST1259,Vikram Rao,Kolkata,18.0,129889.0,2023-05-02,32206.0
CUST1260,Vikram Rao,,57.0,98141.0,2024-09-29,27028.0
CUST1261,Karan Mehta,Mumbai,68.0,42835.0,2023-04-20,6246.0
CUST1262,Amit Sharma,delhi,20.0,141850.0,2024-02-11,25036.0
CUST1263,Amit Sharma,Delhi,58.0,,2024-07-18,44214.0
CUST1264,Pooja Iyer,delhi,46.0,128708.0,2024-04-23,18104.0
CUST1265,Anjali Nair,delhi,57.0,100650.0,2023-11-08,
CUST1266,Anjali Nair,,45.0,124183.0,2023-10-13,21585.0
CUST1267,Sneha Gupta,Bangalore,35.0,,2024-07-10,2280.0
CUST1268,Karan Mehta,MUMBAI,63.0,93541.0,2024-03-16,33150.0
CUST1269,Anjali Nair,Bangalore,64.0,139397.0,2023-03-20,
CUST1270,Vikram Rao,Kolkata,18.0,50002.0,2024-03-07,15553.0
CUST1271,Rahul Verma,Kolkata,35.0,126008.0,2023-05-17,9732.0
CUST1272,Karan Mehta,Chennai,20.0,63967.0,2023-11-18,18995.0
CUST1273,Amit Sharma,Kolkata,59.0,88080.0,2023-05-13,-100.0
CUST1274,Karan Mehta,Kolkata,28.0,63484.0,2024-07-04,16967.0
CUST1275,Pooja Iyer,Kolkata,20.0,64924.0,2023-01-19,19235.0
CUST1276,Rahul Verma,MUMBAI,,147791.0,2023-09-21,42018.0
CUST1277,Pooja Iyer,Bangalore,34.0,,2024-06-22,
CUST1278,Priya Singh,delhi,40.0,26807.0,2023-10-24,15673.0
CUST1279,Rahul Verma,,68.0,131910.0,2023-04-07,-100.0
CUST1280,Amit Sharma,Delhi,-5.0,62374.0,2023-02-04,6851.0
CUST1281,Vikram Rao,Chennai,60.0,78122.0,2024-03-19,42653.0
CUST1282,Priya Singh,Bangalore,59.0,70891.0,2023-08-03,36371.0
CUST1283,Vikram Rao,,59.0,63312.0,2023-12-07,41188.0
CUST1284,Karan Mehta,Kolkata,57.0,135766.0,2024-02-07,1480.0
CUST1285,Rahul Verma,Mumbai,30.0,59438.0,2023-06-06,47036.0
CUST1286,Rahul Verma,delhi,-5.0,,2024-02-05,40585.0
CUST1287,Vikram Rao,delhi,20.0,19549.0,2024-04-17,33423.0
CUST1288,Karan Mehta,,32.0,85058.0,2023-01-06,16647.0
CUST1289,Amit Sharma,Mumbai,18.0,54947.0,2024-08-03,43218.0
CUST1290,Sneha Gupta,Kolkata,61.0,107206.0,2023-12-18,24919.0
CUST1291,Vikram Rao,Delhi,66.0,62718.0,2023-05-31,31473.0
CUST1292,Anjali Nair,Mumbai,31.0,119856.0,2023-07-06,3387.0
CUST1293,Vikram Rao,Bangalore,55.0,134999.0,2024-05-15,40241.0
CUST1294,Rahul Verma,Delhi,50.0,98552.0,2024-12-14,46378.0
CUST1295,Priya Singh,MUMBAI,36.0,122196.0,2023-05-24,18025.0
CUST1296,Priya Singh,Mumbai,,30235.0,2024-04-04,2529.0
CUST1297,Vikram Rao,Delhi,,110779.0,2024-09-22,9103.0
CUST1298,Anjali Nair,Mumbai,43.0,52394.0,2023-05-07,
CUST1299,Vikram Rao,Delhi,36.0,135493.0,2025-05-06,39215.0
CUST1300,Amit Sharma,MUMBAI,-5.0,117302.0,2024-09-07,27309.0
CUST1301,Rahul Verma,Kolkata,,46286.0,2024-02-04,31209.0
CUST1302,Pooja Iyer,Mumbai,150.0,120806.0,2024-02-24,6401.0
CUST1303,Amit Sharma,MUMBAI,52.0,62513.0,2023-09-10,34466.0
CUST1304,Anjali Nair,Kolkata,59.0,124092.0,2024-02-11,
CUST1305,Anjali Nair,Chennai,68.0,42866.0,2023-05-15,
CUST1306,Rahul Verma,Kolkata,40.0,134934.0,2025-03-26,14562.0
CUST1307,Sneha Gupta,Chennai,19.0,89225.0,2025-03-19,32343.0
CUST1308,Priya Singh,Mumbai,57.0,61722.0,2023-10-16,14733.0
CUST1309,Amit Sharma,Delhi,-5.0,48376.0,2023-08-26,46783.0
CUST1310,Pooja Iyer,Delhi,21.0,147406.0,2023-10-20,23124.0
CUST1311,Pooja Iyer,Mumbai,45.0,22589.0,2025-06-11,39428.0
CUST1312,Rahul Verma,delhi,36.0,40956.0,2023-03-27,24937.0
CUST1313,Amit Sharma,Chennai,-5.0,138772.0,2025-04-13,41584.0
CUST1314,Pooja Iyer,Kolkata,44.0,33310.0,2025-06-04,9604.0
CUST1315,Priya Singh,,29.0,43140.0,2023-09-07,3541.0
CUST1316,Priya Singh,Delhi,23.0,28204.0,2025-04-22,-100.0
CUST1317,Sneha Gupta,,43.0,110473.0,2025-04-27,22388.0
CUST1318,Sneha Gupta,Chennai,42.0,134687.0,2024-09-09,
CUST1319,Anjali Nair,Mumbai,53.0,83049.0,2024-02-25,16568.0
CUST1320,Priya Singh,Bangalore,60.0,87105.0,2023-09-16,16882.0
CUST1321,Karan Mehta,Kolkata,61.0,34870.0,2023-09-06,
CUST1322,Pooja Iyer,Chennai,65.0,73918.0,2023-01-17,45722.0
CUST1323,Priya Singh,Delhi,65.0,16849.0,2023-10-07,2455.0
CUST1324,Sneha Gupta,MUMBAI,57.0,77315.0,2025-05-09,29863.0
CUST1325,Rahul Verma,Delhi,46.0,78111.0,2024-08-09,
CUST1326,Priya Singh,Kolkata,44.0,27793.0,2024-12-16,28203.0
CUST1327,Pooja Iyer,,35.0,147021.0,2023-06-26,9401.0
CUST1328,Sneha Gupta,delhi,66.0,135379.0,2023-06-21,20640.0
CUST1329,Karan Mehta,Chennai,25.0,,2025-01-28,24467.0
CUST1330,Vikram Rao,MUMBAI,28.0,129234.0,2023-11-24,-100.0
CUST1331,Vikram Rao,Mumbai,63.0,148717.0,2025-02-10,6526.0
CUST1332,Rahul Verma,delhi,,138977.0,2023-08-20,43696.0
CUST1333,Karan Mehta,Chennai,66.0,33369.0,2024-02-04,24156.0
CUST1334,Sneha Gupta,MUMBAI,47.0,40726.0,2023-01-15,27490.0
CUST1335,Priya Singh,Kolkata,68.0,106413.0,2024-04-06,
CUST1336,Anjali Nair,Chennai,64.0,128910.0,2025-02-04,9862.0
CUST1337,Rahul Verma,Chennai,150.0,77605.0,2025-04-09,
CUST1338,Sneha Gupta,Chennai,36.0,124440.0,2025-01-22,17825.0
CUST1339,Amit Sharma,Kolkata,28.0,136598.0,2023-07-02,21309.0
CUST1340,Pooja Iyer,MUMBAI,46.0,53567.0,2023-02-21,11972.0
CUST1341,Pooja Iyer,,67.0,49484.0,2025-05-07,3729.0
CUST1342,Vikram Rao,MUMBAI,33.0,43937.0,2024-10-23,6236.0
CUST1343,Vikram Rao,Mumbai,27.0,85577.0,2023-07-31,21567.0
CUST1344,Anjali Nair,Kolkata,56.0,115391.0,2023-12-01,41792.0
CUST1345,Vikram Rao,Bangalore,45.0,74790.0,2023-11-02,34702.0
CUST1346,Anjali Nair,,43.0,,2024-04-22,6526.0
CUST1347,Priya Singh,,63.0,117489.0,2023-10-10,
CUST1348,Karan Mehta,Mumbai,36.0,28534.0,2023-01-28,9693.0
CUST1349,Rahul Verma,Chennai,53.0,146016.0,2023-03-18,26923.0
CUST1350,Rahul Verma,Mumbai,55.0,134050.0,2023-09-10,4710.0
CUST1351,Karan Mehta,Chennai,35.0,109572.0,2023-11-14,36646.0
CUST1352,Vikram Rao,Bangalore,18.0,37248.0,2023-05-24,15132.0
CUST1353,Anjali Nair,Delhi,18.0,,2024-12-06,26889.0
CUST1354,Priya Singh,delhi,52.0,24181.0,2024-12-31,43463.0
CUST1355,Rahul Verma,MUMBAI,53.0,25743.0,2023-02-07,10203.0
CUST1356,Rahul Verma,Kolkata,49.0,103111.0,2024-08-14,34937.0
CUST1357,Rahul Verma,Chennai,,141418.0,2025-05-12,6727.0
CUST1358,Karan Mehta,Delhi,150.0,120897.0,2023-01-15,6112.0
CUST1359,Priya Singh,MUMBAI,32.0,104222.0,2024-03-01,23610.0
CUST1360,Karan Mehta,Bangalore,28.0,108924.0,2025-05-03,42512.0
CUST1361,Anjali Nair,Kolkata,60.0,140460.0,2024-10-12,5131.0
CUST1362,Priya Singh,delhi,41.0,66284.0,2024-05-26,30613.0
CUST1363,Anjali Nair,MUMBAI,34.0,44349.0,2025-01-24,27288.0
CUST1364,Amit Sharma,Mumbai,150.0,49820.0,2024-01-17,8990.0
CUST1365,Priya Singh,delhi,65.0,59547.0,2023-12-31,7328.0
CUST1366,Priya Singh,Delhi,33.0,18914.0,2024-04-06,14464.0
CUST1367,Vikram Rao,MUMBAI,45.0,74343.0,2023-12-14,4000.0
CUST1368,Karan Mehta,Delhi,59.0,106668.0,2024-10-27,3601.0
CUST1369,Pooja Iyer,Chennai,37.0,43792.0,2024-08-17,12554.0
CUST1370,Amit Sharma,Delhi,22.0,18624.0,2024-03-26,20295.0
CUST1371,Sneha Gupta,Bangalore,69.0,80971.0,2024-09-06,29391.0
CUST1372,Sneha Gupta,Bangalore,61.0,61901.0,2024-11-21,49484.0
CUST1373,Karan Mehta,Mumbai,61.0,64515.0,2025-04-11,20548.0
CUST1374,Sneha Gupta,Bangalore,63.0,57903.0,2023-02-04,
CUST1375,Pooja Iyer,delhi,34.0,127803.0,2023-06-09,33767.0
CUST1376,Rahul Verma,Bangalore,29.0,41289.0,2023-12-28,4114.0
CUST1377,Rahul Verma,Delhi,29.0,40365.0,2024-05-23,41467.0
CUST1378,Pooja Iyer,Kolkata,41.0,116124.0,2024-04-25,25709.0
CUST1379,Sneha Gupta,Bangalore,51.0,143785.0,2023-06-26,42674.0
CUST1380,Pooja Iyer,Delhi,60.0,,2024-01-21,20514.0
CUST1381,Sneha Gupta,,18.0,73872.0,2024-04-25,38397.0
CUST1382,Sneha Gupta,Bangalore,48.0,89605.0,2023-03-25,46005.0
CUST1383,Rahul Verma,,20.0,80213.0,2023-01-02,11250.0
CUST1384,Karan Mehta,,45.0,147333.0,2025-01-20,
CUST1385,Sneha Gupta,Bangalore,61.0,34521.0,2024-02-01,-100.0
CUST1386,Anjali Nair,Kolkata,23.0,75916.0,2023-09-23,22827.0
CUST1387,Priya Singh,Delhi,25.0,78790.0,2023-04-02,38687.0
CUST1388,Priya Singh,Bangalore,56.0,65686.0,2025-04-10,26893.0
CUST1389,Rahul Verma,delhi,150.0,68055.0,2024-09-27,32434.0
CUST1390,Anjali Nair,Delhi,-5.0,35227.0,2023-07-07,13909.0
CUST1391,Pooja Iyer,Kolkata,31.0,91749.0,2025-02-19,
CUST1392,Sneha Gupta,delhi,25.0,132872.0,2023-06-22,43128.0
CUST1393,Sneha Gupta,Bangalore,68.0,32628.0,2024-12-02,11983.0
CUST1394,Rahul Verma,Mumbai,43.0,118414.0,2023-04-18,19923.0
CUST1395,Karan Mehta,Chennai,24.0,106494.0,2025-02-24,-100.0
CUST1396,Priya Singh,Kolkata,55.0,72975.0,2024-06-07,33085.0
CUST1397,Amit Sharma,Mumbai,20.0,82582.0,2025-02-06,42651.0
CUST1398,Pooja Iyer,Chennai,40.0,111720.0,2024-08-09,
CUST1399,Anjali Nair,Bangalore,41.0,57684.0,2024-08-27,14596.0
CUST1400,Sneha Gupta,Bangalore,55.0,70448.0,2023-11-03,2731.0
CUST1401,Anjali Nair,,57.0,143400.0,2025-06-14,31859.0
CUST1402,Pooja Iyer,,43.0,52591.0,2023-02-25,15871.0
CUST1403,Pooja Iyer,Mumbai,57.0,,2024-01-19,22378.0
CUST1404,Amit Sharma,,,64800.0,2023-05-22,17033.0
CUST1405,Vikram Rao,,52.0,66517.0,2025-04-25,17889.0
CUST1406,Anjali Nair,MUMBAI,63.0,119521.0,2023-12-28,47115.0
CUST1407,Pooja Iyer,Mumbai,67.0,63130.0,2023-12-22,40489.0
CUST1408,Vikram Rao,delhi,33.0,26486.0,2024-05-18,28293.0
CUST1409,Vikram Rao,,,111054.0,2024-03-24,-100.0
CUST1410,Amit Sharma,MUMBAI,27.0,96621.0,2023-09-17,37511.0
CUST1411,Anjali Nair,delhi,68.0,,2024-02-05,7887.0
CUST1412,Amit Sharma,delhi,27.0,32004.0,2025-05-16,1830.0
CUST1413,Rahul Verma,Bangalore,43.0,18825.0,2024-04-03,36383.0
CUST1414,Anjali Nair,Delhi,55.0,33079.0,2024-05-07,29851.0
CUST1415,Anjali Nair,MUMBAI,50.0,,2023-10-12,33246.0
CUST1416,Vikram Rao,Bangalore,33.0,58346.0,2023-05-22,14745.0
CUST1417,Priya Singh,Mumbai,36.0,149711.0,2023-01-19,32931.0
CUST1418,Sneha Gupta,MUMBAI,43.0,107362.0,2023-08-04,43373.0
CUST1419,Amit Sharma,Bangalore,50.0,,2023-04-14,12265.0
CUST1420,Sneha Gupta,Bangalore,34.0,148043.0,2023-09-10,4498.0
CUST1421,Sneha Gupta,Kolkata,28.0,107855.0,2025-01-27,23011.0
CUST1422,Priya Singh,delhi,65.0,101264.0,2023-12-23,12007.0
CUST1423,Anjali Nair,MUMBAI,37.0,81006.0,2023-12-11,14734.0
CUST1424,Sneha Gupta,Chennai,51.0,131762.0,2023-07-11,1224.0
CUST1425,Anjali Nair,Delhi,56.0,96428.0,2024-01-30,21756.0
CUST1426,Priya Singh,Chennai,48.0,65018.0,2024-03-07,672.0
CUST1427,Vikram Rao,,59.0,46605.0,2025-04-06,10109.0
CUST1428,Sneha Gupta,Kolkata,150.0,67985.0,2023-11-05,46353.0
CUST1429,Sneha Gupta,Kolkata,40.0,113543.0,2024-02-14,41996.0
CUST1430,Anjali Nair,,64.0,35876.0,2024-10-17,11094.0
CUST1431,Amit Sharma,MUMBAI,53.0,103083.0,2023-03-13,47233.0
CUST1432,Anjali Nair,Bangalore,19.0,117718.0,2025-03-22,18807.0
CUST1433,Anjali Nair,delhi,,67396.0,2025-04-10,31785.0
CUST1434,Anjali Nair,Mumbai,44.0,105552.0,2023-12-25,31097.0
CUST1435,Karan Mehta,delhi,,53902.0,2025-04-25,27237.0
CUST1436,Pooja Iyer,delhi,26.0,137247.0,2023-05-18,45766.0
CUST1437,Vikram Rao,Mumbai,32.0,74761.0,2024-08-08,
CUST1438,Priya Singh,Bangalore,53.0,92636.0,2024-09-15,
CUST1439,Vikram Rao,delhi,38.0,60439.0,2023-02-11,25628.0
CUST1440,Pooja Iyer,Kolkata,52.0,52494.0,2024-05-03,11189.0
CUST1441,Sneha Gupta,delhi,68.0,30274.0,2025-03-21,-100.0
CUST1442,Vikram Rao,Bangalore,40.0,62432.0,2024-07-22,44517.0
CUST1443,Anjali Nair,MUMBAI,,90516.0,2025-05-09,37873.0
CUST1444,Pooja Iyer,Chennai,58.0,136320.0,2023-10-09,36698.0
CUST1445,Anjali Nair,MUMBAI,50.0,132748.0,2023-10-31,3355.0
CUST1446,Rahul Verma,MUMBAI,32.0,57427.0,2023-08-27,34250.0
CUST1447,Pooja Iyer,Kolkata,24.0,31732.0,2023-01-03,16528.0
CUST1448,Vikram Rao,Chennai,44.0,98633.0,2024-01-09,42924.0
CUST1449,Amit Sharma,Mumbai,45.0,134712.0,2025-06-01,7853.0
CUST1450,Priya Singh,Chennai,46.0,18435.0,2025-01-09,8927.0
CUST1451,Vikram Rao,Bangalore,,145123.0,2023-08-19,3619.0
CUST1452,Priya Singh,Kolkata,28.0,114973.0,2023-01-12,44816.0
CUST1453,Amit Sharma,Mumbai,18.0,63241.0,2025-02-24,33612.0
CUST1454,Sneha Gupta,Bangalore,67.0,125143.0,2023-12-01,28026.0
CUST1455,Priya Singh,Bangalore,53.0,81488.0,2024-02-12,8846.0
CUST1456,Vikram Rao,Bangalore,18.0,69412.0,2025-01-20,43933.0
CUST1457,Vikram Rao,Delhi,31.0,91296.0,2024-01-31,46419.0
CUST1458,Priya Singh,MUMBAI,38.0,30237.0,2025-02-15,48297.0
CUST1459,Sneha Gupta,Chennai,21.0,41957.0,2023-03-15,16889.0
CUST1460,Pooja Iyer,MUMBAI,31.0,117268.0,2023-12-07,3672.0
CUST1461,Rahul Verma,MUMBAI,-5.0,57081.0,2024-03-18,39078.0
CUST1462,Anjali Nair,MUMBAI,31.0,137334.0,2024-03-11,16603.0
CUST1463,Vikram Rao,Bangalore,42.0,93342.0,2025-06-09,41166.0
CUST1464,Karan Mehta,Chennai,41.0,16790.0,2023-05-03,37141.0
CUST1465,Vikram Rao,Kolkata,68.0,38821.0,2025-03-10,41297.0
CUST1466,Priya Singh,Chennai,37.0,91075.0,2024-04-26,18035.0
CUST1467,Anjali Nair,Chennai,48.0,25100.0,2023-04-09,43383.0
CUST1468,Priya Singh,Kolkata,38.0,82985.0,2023-06-04,36255.0
CUST1469,Anjali Nair,Delhi,68.0,55997.0,2024-01-24,16964.0
CUST1470,Rahul Verma,MUMBAI,33.0,124034.0,2024-05-07,-100.0
CUST1471,Anjali Nair,Delhi,-5.0,141207.0,2023-03-15,14405.0
CUST1472,Pooja Iyer,MUMBAI,57.0,116671.0,2025-02-14,15058.0
CUST1473,Vikram Rao,Delhi,58.0,,2024-11-14,
CUST1474,Rahul Verma,,51.0,18672.0,2025-01-27,21139.0
CUST1475,Priya Singh,Delhi,50.0,137559.0,2023-05-06,16264.0
CUST1476,Rahul Verma,,19.0,71138.0,2025-03-09,18881.0
CUST1477,Rahul Verma,Delhi,43.0,140919.0,2023-02-23,37410.0
CUST1478,Rahul Verma,Bangalore,45.0,103450.0,2023-11-11,17281.0
CUST1479,Amit Sharma,MUMBAI,24.0,67822.0,2024-01-13,
CUST1480,Vikram Rao,Delhi,38.0,,2023-02-15,17582.0
CUST1481,Sneha Gupta,Delhi,55.0,149560.0,2023-11-29,23964.0
CUST1482,Vikram Rao,Bangalore,36.0,23906.0,2025-04-24,38564.0
CUST1483,Anjali Nair,MUMBAI,39.0,34079.0,2023-12-08,44759.0
CUST1484,Anjali Nair,Delhi,43.0,110145.0,2023-07-11,6669.0
CUST1485,Priya Singh,,60.0,112733.0,2024-01-01,29112.0
CUST1486,Vikram Rao,Bangalore,67.0,98598.0,2024-06-03,35298.0
CUST1487,Amit Sharma,delhi,46.0,19039.0,2023-11-05,5533.0
CUST1488,Sneha Gupta,,52.0,,2023-10-20,-100.0
CUST1489,Anjali Nair,Delhi,53.0,39680.0,2024-10-05,38233.0
CUST1490,Vikram Rao,Mumbai,-5.0,135784.0,2024-02-06,31711.0
CUST1491,Rahul Verma,MUMBAI,32.0,64851.0,2024-12-11,31376.0
CUST1492,Pooja Iyer,delhi,53.0,,2023-04-05,24698.0
CUST1493,Anjali Nair,Kolkata,22.0,26636.0,2025-01-07,31773.0
CUST1494,Priya Singh,Chennai,19.0,45463.0,2025-02-11,-100.0
CUST1495,Sneha Gupta,Chennai,37.0,142752.0,2023-05-18,
CUST1496,Rahul Verma,Chennai,56.0,72232.0,2023-10-28,32691.0
CUST1497,Priya Singh,,33.0,143389.0,2024-05-31,1367.0
CUST1498,Karan Mehta,,69.0,143498.0,2023-09-07,17137.0
CUST1499,Vikram Rao,delhi,62.0,81632.0,2024-03-17,40602.0
CUST1500,Pooja Iyer,Bangalore,32.0,148252.0,2023-10-30,28160.0
CUST1501,Vikram Rao,MUMBAI,26.0,119459.0,2023-01-15,20523.0
CUST1502,Rahul Verma,Bangalore,62.0,126029.0,2024-04-14,1027.0
CUST1503,Priya Singh,MUMBAI,30.0,117460.0,2024-10-05,49603.0
CUST1504,Rahul Verma,MUMBAI,40.0,32999.0,2023-04-28,37501.0
CUST1505,Pooja Iyer,MUMBAI,49.0,144488.0,2023-03-07,19662.0
CUST1506,Pooja Iyer,MUMBAI,67.0,93604.0,2025-04-30,4825.0
CUST1507,Pooja Iyer,Mumbai,66.0,32960.0,2024-08-07,44659.0
CUST1508,Karan Mehta,Kolkata,49.0,37718.0,2023-03-23,36511.0
CUST1509,Pooja Iyer,Chennai,150.0,44250.0,2024-12-29,
CUST1510,Amit Sharma,Chennai,54.0,145808.0,2025-05-02,25224.0
CUST1511,Amit Sharma,Bangalore,62.0,85159.0,2024-11-19,4731.0
CUST1512,Anjali Nair,Chennai,25.0,111659.0,2024-05-10,39372.0
CUST1513,Pooja Iyer,Mumbai,40.0,30249.0,2025-01-21,
CUST1514,Karan Mehta,Kolkata,27.0,70377.0,2023-06-12,8625.0
CUST1515,Priya Singh,MUMBAI,,86822.0,2023-03-28,46903.0
CUST1516,Amit Sharma,Chennai,19.0,60649.0,2023-12-01,20791.0
CUST1517,Karan Mehta,Kolkata,50.0,93804.0,2023-08-01,22333.0
CUST1518,Pooja Iyer,MUMBAI,68.0,27185.0,2023-12-28,28236.0
CUST1519,Pooja Iyer,,68.0,74455.0,2025-06-18,3716.0
CUST1520,Priya Singh,delhi,-5.0,92566.0,2025-03-03,39013.0
CUST1521,Amit Sharma,Kolkata,49.0,51169.0,2025-01-04,47192.0
CUST1522,Priya Singh,Kolkata,,68237.0,2024-06-28,48562.0
CUST1523,Pooja Iyer,Mumbai,22.0,95360.0,2023-09-08,6321.0
CUST1524,Rahul Verma,,150.0,67524.0,2024-06-24,34239.0
CUST1525,Sneha Gupta,Kolkata,50.0,148964.0,2023-09-27,46942.0
CUST1526,Sneha Gupta,delhi,40.0,,2023-05-02,19126.0
CUST1527,Karan Mehta,MUMBAI,40.0,44147.0,2023-05-18,7402.0
CUST1528,Vikram Rao,Mumbai,66.0,,2024-12-05,32596.0
CUST1529,Rahul Verma,Delhi,69.0,74393.0,2023-06-26,7574.0
CUST1530,Anjali Nair,delhi,43.0,98289.0,2024-07-09,42259.0
CUST1531,Anjali Nair,Delhi,25.0,,2024-03-22,35126.0
CUST1532,Priya Singh,delhi,41.0,122411.0,2023-10-17,4114.0
CUST1533,Amit Sharma,Bangalore,62.0,68403.0,2024-05-14,37104.0
CUST1534,Amit Sharma,,64.0,57621.0,2023-03-26,42771.0
CUST1535,Sneha Gupta,Kolkata,40.0,92080.0,2024-10-11,7902.0
CUST1536,Sneha Gupta,Kolkata,62.0,24696.0,2024-04-25,38703.0
CUST1537,Karan Mehta,Delhi,,122264.0,2024-01-08,23472.0
CUST1538,Sneha Gupta,Bangalore,,135501.0,2023-11-23,-100.0
CUST1539,Pooja Iyer,Delhi,42.0,34400.0,2024-05-17,32932.0
CUST1540,Vikram Rao,delhi,41.0,32673.0,2025-04-22,1057.0
CUST1541,Karan Mehta,Kolkata,64.0,93197.0,2023-10-11,16720.0
CUST1542,Anjali Nair,MUMBAI,31.0,117181.0,2023-07-08,46115.0
CUST1543,Vikram Rao,Mumbai,35.0,,2023-05-26,19881.0
CUST1544,Anjali Nair,Delhi,22.0,59207.0,2025-03-01,43697.0
CUST1545,Pooja Iyer,Bangalore,35.0,82507.0,2023-07-09,9459.0
CUST1546,Pooja Iyer,MUMBAI,60.0,23084.0,2023-09-05,11045.0
CUST1547,Pooja Iyer,Delhi,55.0,88197.0,2025-01-10,
CUST1548,Karan Mehta,Chennai,21.0,144816.0,2023-04-06,
CUST1549,Priya Singh,Mumbai,20.0,132634.0,2024-02-18,
CUST1550,Priya Singh,Chennai,63.0,110569.0,2024-04-14,19660.0
CUST1551,Pooja Iyer,Kolkata,62.0,108090.0,2024-06-19,31416.0
CUST1552,Rahul Verma,Mumbai,22.0,79071.0,2024-06-17,26004.0
CUST1553,Sneha Gupta,,53.0,49279.0,2024-12-19,38020.0
CUST1554,Amit Sharma,delhi,64.0,112935.0,2024-03-23,5872.0
CUST1555,Amit Sharma,,33.0,111119.0,2024-07-07,26145.0
CUST1556,Sneha Gupta,delhi,,16216.0,2025-02-03,7787.0
CUST1557,Karan Mehta,Chennai,58.0,116376.0,2023-03-21,2261.0
CUST1558,Priya Singh,Kolkata,63.0,52789.0,2024-10-07,18136.0
CUST1559,Anjali Nair,Bangalore,42.0,91944.0,2024-03-26,
CUST1560,Priya Singh,Chennai,38.0,51891.0,2023-01-09,32643.0
CUST1561,Karan Mehta,Bangalore,18.0,110614.0,2023-06-26,14291.0
CUST1562,Sneha Gupta,Delhi,150.0,39856.0,2024-01-12,16303.0
CUST1563,Rahul Verma,Mumbai,19.0,27121.0,2024-08-26,
CUST1564,Rahul Verma,Delhi,67.0,48884.0,2025-06-08,25287.0
CUST1565,Vikram Rao,Kolkata,44.0,15169.0,2024-12-24,2399.0
CUST1566,Vikram Rao,Chennai,24.0,85842.0,2024-11-20,7688.0
CUST1567,Karan Mehta,Mumbai,23.0,27716.0,2023-08-18,28134.0
CUST1568,Amit Sharma,Kolkata,34.0,123945.0,2024-01-25,31027.0
CUST1569,Amit Sharma,MUMBAI,18.0,95280.0,2023-03-07,7667.0
CUST1570,Sneha Gupta,Delhi,66.0,146492.0,2023-07-07,16604.0
CUST1571,Amit Sharma,Delhi,55.0,,2023-05-15,12460.0
CUST1572,Priya Singh,Mumbai,34.0,130805.0,2023-01-29,8391.0
CUST1573,Sneha Gupta,Chennai,28.0,36445.0,2023-11-23,15096.0
CUST1574,Anjali Nair,MUMBAI,27.0,60541.0,2024-08-02,
CUST1575,Rahul Verma,delhi,19.0,149687.0,2024-07-22,13336.0
CUST1576,Karan Mehta,Mumbai,37.0,94082.0,2023-02-23,24023.0
CUST1577,Sneha Gupta,Bangalore,64.0,75506.0,2025-06-05,11268.0
CUST1578,Karan Mehta,delhi,36.0,53372.0,2024-02-26,47233.0
CUST1579,Vikram Rao,delhi,41.0,111565.0,2025-03-16,22018.0
CUST1580,Amit Sharma,delhi,18.0,44181.0,2024-05-19,36779.0
CUST1581,Vikram Rao,Chennai,64.0,23760.0,2023-09-07,24489.0
CUST1582,Pooja Iyer,Bangalore,43.0,89416.0,2023-02-09,39108.0
CUST1583,Karan Mehta,Mumbai,-5.0,101292.0,2023-10-26,-100.0
CUST1584,Anjali Nair,delhi,51.0,139469.0,2025-05-07,
CUST1585,Anjali Nair,Kolkata,23.0,140367.0,2023-05-19,41806.0
CUST1586,Sneha Gupta,MUMBAI,59.0,117252.0,2024-06-10,-100.0
CUST1587,Karan Mehta,Bangalore,37.0,79252.0,2025-05-24,15452.0
CUST1588,Anjali Nair,MUMBAI,,21309.0,2024-09-20,18222.0
CUST1589,Amit Sharma,delhi,59.0,99504.0,2023-07-26,42458.0
CUST1590,Pooja Iyer,,50.0,124252.0,2023-02-08,40468.0
CUST1591,Rahul Verma,Chennai,20.0,63171.0,2024-07-23,39934.0
CUST1592,Anjali Nair,Mumbai,21.0,18323.0,2023-10-06,36158.0
CUST1593,Vikram Rao,Chennai,35.0,25658.0,2025-01-01,30796.0
CUST1594,Pooja Iyer,MUMBAI,50.0,,2024-12-26,45087.0
CUST1595,Rahul Verma,Delhi,28.0,,2023-03-11,12049.0
CUST1596,Sneha Gupta,Bangalore,53.0,81345.0,2023-12-22,
CUST1597,Anjali Nair,MUMBAI,54.0,,2025-06-17,16671.0
CUST1598,Rahul Verma,Mumbai,67.0,17848.0,2023-03-28,47072.0
CUST1599,Rahul Verma,Delhi,18.0,76191.0,2023-11-11,25092.0
CUST1600,Anjali Nair,Delhi,61.0,92171.0,2024-10-07,3128.0
CUST1601,Amit Sharma,,28.0,105144.0,2025-06-12,41708.0
CUST1602,Priya Singh,Bangalore,46.0,134503.0,2025-02-16,48877.0
CUST1603,Anjali Nair,Bangalore,54.0,41543.0,2023-12-31,
CUST1604,Vikram Rao,delhi,54.0,119124.0,2024-06-19,45640.0
CUST1605,Karan Mehta,Mumbai,34.0,55263.0,2024-03-03,8590.0
CUST1606,Amit Sharma,Bangalore,58.0,40480.0,2023-04-05,31407.0
CUST1607,Anjali Nair,Kolkata,47.0,107566.0,2023-11-13,40622.0
CUST1608,Sneha Gupta,Kolkata,18.0,45891.0,2024-09-16,23327.0
CUST1609,Priya Singh,MUMBAI,56.0,81760.0,2025-04-19,32747.0
CUST1610,Karan Mehta,MUMBAI,61.0,69366.0,2023-02-25,11113.0
CUST1611,Sneha Gupta,Delhi,24.0,94263.0,2023-09-06,41878.0
CUST1612,Karan Mehta,,62.0,93030.0,2025-01-22,15206.0
CUST1613,Amit Sharma,Mumbai,22.0,60986.0,2023-03-17,4571.0
CUST1614,Amit Sharma,MUMBAI,24.0,84946.0,2025-04-20,21833.0
CUST1615,Rahul Verma,delhi,67.0,17233.0,2023-10-29,40607.0
CUST1616,Pooja Iyer,Bangalore,49.0,86265.0,2023-04-02,12486.0
CUST1617,Karan Mehta,delhi,36.0,94739.0,2025-04-18,22232.0
CUST1618,Karan Mehta,MUMBAI,42.0,149295.0,2024-07-06,33700.0
CUST1619,Pooja Iyer,Bangalore,39.0,148471.0,2024-06-03,
CUST1620,Vikram Rao,delhi,68.0,124176.0,2023-06-20,27777.0
CUST1621,Rahul Verma,MUMBAI,59.0,128768.0,2024-04-26,40221.0
CUST1622,Sneha Gupta,Kolkata,63.0,53477.0,2023-07-08,41039.0
CUST1623,Pooja Iyer,,39.0,,2023-07-25,-100.0
CUST1624,Vikram Rao,Kolkata,41.0,82555.0,2024-01-06,
CUST1625,Amit Sharma,Bangalore,29.0,105168.0,2025-02-04,39481.0
CUST1626,Amit Sharma,MUMBAI,53.0,106587.0,2024-05-26,25097.0
CUST1627,Vikram Rao,Mumbai,43.0,42472.0,2023-12-21,-100.0
CUST1628,Pooja Iyer,Kolkata,28.0,,2023-02-08,
CUST1629,Anjali Nair,,35.0,61335.0,2023-10-25,44546.0
CUST1630,Pooja Iyer,Kolkata,59.0,62351.0,2024-01-15,
CUST1631,Rahul Verma,MUMBAI,67.0,35800.0,2024-04-19,4263.0
CUST1632,Rahul Verma,delhi,33.0,40329.0,2023-10-16,39133.0
CUST1633,Amit Sharma,Chennai,49.0,115085.0,2023-03-11,4507.0
CUST1634,Vikram Rao,delhi,43.0,56079.0,2025-03-09,46654.0
CUST1635,Pooja Iyer,,47.0,44557.0,2023-06-02,36939.0
CUST1636,Vikram Rao,Bangalore,-5.0,137337.0,2024-11-15,31590.0
CUST1637,Karan Mehta,,30.0,77128.0,2024-10-25,49936.0
CUST1638,Anjali Nair,Mumbai,42.0,17791.0,2024-12-31,7866.0
CUST1639,Rahul Verma,Kolkata,150.0,24359.0,2023-12-20,47193.0
CUST1640,Sneha Gupta,Bangalore,39.0,,2023-10-15,35821.0
CUST1641,Karan Mehta,,48.0,69222.0,2024-04-08,18667.0
CUST1642,Rahul Verma,Delhi,50.0,113900.0,2023-03-24,3303.0
CUST1643,Rahul Verma,Delhi,,130734.0,2023-08-15,33758.0
CUST1644,Vikram Rao,Mumbai,44.0,65272.0,2023-09-12,8957.0
CUST1645,Pooja Iyer,,35.0,35874.0,2023-02-21,15967.0
CUST1646,Rahul Verma,Mumbai,33.0,,2024-09-04,46016.0
CUST1647,Rahul Verma,Bangalore,20.0,73864.0,2024-01-23,
CUST1648,Sneha Gupta,Bangalore,42.0,85644.0,2023-03-27,
CUST1649,Amit Sharma,MUMBAI,23.0,54099.0,2023-02-26,33642.0
CUST1650,Pooja Iyer,MUMBAI,68.0,61924.0,2023-08-11,-100.0
CUST1651,Karan Mehta,Chennai,41.0,44298.0,2024-02-28,-100.0
CUST1652,Sneha Gupta,MUMBAI,18.0,124000.0,2024-11-28,45029.0
CUST1653,Karan Mehta,Bangalore,18.0,35397.0,2024-10-21,
CUST1654,Pooja Iyer,Bangalore,42.0,33938.0,2025-06-05,39700.0
CUST1655,Sneha Gupta,Mumbai,45.0,139451.0,2024-01-15,37976.0
CUST1656,Sneha Gupta,Kolkata,69.0,33625.0,2023-03-04,40672.0
CUST1657,Pooja Iyer,Bangalore,55.0,34627.0,2024-05-19,24558.0
CUST1658,Anjali Nair,Kolkata,55.0,54607.0,2023-01-12,7457.0
CUST1659,Pooja Iyer,Delhi,33.0,87265.0,2024-05-11,31164.0
CUST1660,Karan Mehta,Mumbai,19.0,29263.0,2024-02-21,45021.0
CUST1661,Karan Mehta,delhi,28.0,57124.0,2023-07-21,-100.0
CUST1662,Rahul Verma,Chennai,64.0,64712.0,2023-05-28,22546.0
CUST1663,Sneha Gupta,Delhi,27.0,130776.0,2023-03-01,33827.0
CUST1664,Rahul Verma,Mumbai,40.0,33525.0,2025-01-01,10580.0
CUST1665,Anjali Nair,,44.0,46251.0,2023-09-29,6888.0
CUST1666,Vikram Rao,Delhi,,70723.0,2024-12-21,42754.0
CUST1667,Amit Sharma,MUMBAI,,98049.0,2023-10-26,14287.0
CUST1668,Pooja Iyer,Delhi,29.0,126874.0,2023-09-11,11539.0
CUST1669,Anjali Nair,MUMBAI,30.0,52575.0,2023-04-10,1759.0
CUST1670,Anjali Nair,Chennai,-5.0,,2025-05-05,32129.0
CUST1671,Anjali Nair,Delhi,25.0,47260.0,2024-04-04,10680.0
CUST1672,Rahul Verma,Delhi,53.0,41796.0,2024-01-08,17709.0
CUST1673,Amit Sharma,Mumbai,64.0,103809.0,2023-11-19,1837.0
CUST1674,Rahul Verma,Delhi,18.0,41699.0,2024-07-22,6886.0
CUST1675,Sneha Gupta,delhi,24.0,123468.0,2023-04-10,39510.0
CUST1676,Rahul Verma,Delhi,37.0,105938.0,2023-01-09,49967.0
CUST1677,Vikram Rao,,40.0,21144.0,2023-03-03,37080.0
CUST1678,Sneha Gupta,Chennai,38.0,82160.0,2024-05-04,3740.0
CUST1679,Amit Sharma,delhi,48.0,90182.0,2023-05-23,14003.0
CUST1680,Sneha Gupta,Bangalore,25.0,66972.0,2023-01-27,
CUST1681,Karan Mehta,Delhi,62.0,83122.0,2024-04-27,14489.0
CUST1682,Anjali Nair,MUMBAI,20.0,143063.0,2024-09-27,23775.0
CUST1683,Rahul Verma,Mumbai,22.0,77166.0,2024-10-06,48425.0
CUST1684,Vikram Rao,Delhi,50.0,42794.0,2023-02-06,42996.0
CUST1685,Vikram Rao,Mumbai,44.0,143838.0,2023-11-20,28630.0
CUST1686,Pooja Iyer,Bangalore,47.0,130195.0,2024-02-05,41109.0
CUST1687,Vikram Rao,,61.0,,2024-07-05,49202.0
CUST1688,Anjali Nair,,51.0,36886.0,2025-01-20,34467.0
CUST1689,Priya Singh,Bangalore,21.0,143435.0,2024-10-15,28211.0
CUST1690,Anjali Nair,MUMBAI,55.0,17078.0,2024-05-01,21846.0
CUST1691,Pooja Iyer,MUMBAI,29.0,21820.0,2024-01-24,13450.0
CUST1692,Amit Sharma,Bangalore,32.0,138668.0,2024-07-13,1686.0
CUST1693,Anjali Nair,Mumbai,65.0,86177.0,2023-05-13,29220.0
CUST1694,Priya Singh,delhi,-5.0,46352.0,2024-10-09,48770.0
CUST1695,Priya Singh,delhi,64.0,,2025-02-21,19273.0
CUST1696,Pooja Iyer,,30.0,85779.0,2024-12-22,34543.0
CUST1697,Vikram Rao,MUMBAI,67.0,114814.0,2023-07-05,18007.0
CUST1698,Sneha Gupta,,19.0,126643.0,2023-10-11,572.0
CUST1699,Pooja Iyer,Bangalore,19.0,112691.0,2024-05-07,8338.0
CUST1700,Karan Mehta,Mumbai,50.0,100199.0,2025-04-24,37795.0
CUST1701,Vikram Rao,Delhi,30.0,101026.0,2024-04-10,37559.0
CUST1702,Vikram Rao,,45.0,118119.0,2024-04-17,39364.0
CUST1703,Pooja Iyer,Bangalore,37.0,,2023-09-09,35114.0
CUST1704,Rahul Verma,Mumbai,51.0,144477.0,2025-04-25,13886.0
CUST1705,Amit Sharma,Mumbai,42.0,,2024-06-09,37631.0
CUST1706,Karan Mehta,Bangalore,36.0,141820.0,2024-07-20,4998.0
CUST1707,Sneha Gupta,Kolkata,20.0,103360.0,2024-02-19,30456.0
CUST1708,Amit Sharma,Bangalore,65.0,128735.0,2023-06-05,
CUST1709,Vikram Rao,Mumbai,-5.0,95594.0,2025-03-31,36460.0
CUST1710,Amit Sharma,Mumbai,63.0,91729.0,2024-10-31,11469.0
CUST1711,Amit Sharma,Chennai,22.0,88378.0,2023-10-23,27471.0
CUST1712,Anjali Nair,Delhi,62.0,43699.0,2024-04-19,47909.0
CUST1713,Anjali Nair,delhi,56.0,104710.0,2024-01-31,33582.0
CUST1714,Priya Singh,Delhi,-5.0,72340.0,2024-05-23,16505.0
CUST1715,Anjali Nair,Mumbai,47.0,105603.0,2024-10-20,9879.0
CUST1716,Vikram Rao,MUMBAI,68.0,35099.0,2024-08-15,42917.0
CUST1717,Anjali Nair,Kolkata,69.0,45790.0,2023-05-29,26428.0
CUST1718,Karan Mehta,Delhi,37.0,80106.0,2024-11-25,18201.0
CUST1719,Vikram Rao,Bangalore,40.0,141381.0,2024-10-04,24350.0
CUST1720,Pooja Iyer,Delhi,63.0,44771.0,2023-08-30,47446.0
CUST1721,Amit Sharma,Mumbai,48.0,60513.0,2025-05-03,5053.0
CUST1722,Priya Singh,Delhi,30.0,40539.0,2024-09-03,45355.0
CUST1723,Priya Singh,Delhi,50.0,60566.0,2024-12-21,8279.0
CUST1724,Rahul Verma,Kolkata,38.0,35179.0,2024-06-10,36829.0
CUST1725,Pooja Iyer,Mumbai,52.0,72862.0,2025-05-11,-100.0
CUST1726,Karan Mehta,Mumbai,21.0,86800.0,2024-01-11,
CUST1727,Anjali Nair,,65.0,133061.0,2024-09-17,26363.0
CUST1728,Amit Sharma,Chennai,34.0,98784.0,2023-12-09,47377.0
CUST1729,Anjali Nair,Delhi,,60748.0,2023-07-24,28865.0
CUST1730,Vikram Rao,Chennai,57.0,24216.0,2023-07-18,7632.0
CUST1731,Karan Mehta,delhi,27.0,134856.0,2025-04-06,40220.0
CUST1732,Vikram Rao,Kolkata,32.0,73258.0,2023-12-24,7204.0
CUST1733,Sneha Gupta,Chennai,44.0,117300.0,2023-09-02,29844.0
CUST1734,Amit Sharma,Bangalore,,119815.0,2025-01-31,
CUST1735,Anjali Nair,MUMBAI,23.0,29267.0,2025-03-08,20900.0
CUST1736,Rahul Verma,Kolkata,56.0,95143.0,2024-09-26,36123.0
CUST1737,Sneha Gupta,Mumbai,48.0,83989.0,2024-11-26,24182.0
CUST1738,Vikram Rao,Chennai,42.0,,2024-09-20,16972.0
CUST1739,Anjali Nair,MUMBAI,44.0,56977.0,2023-09-21,7995.0
CUST1740,Karan Mehta,Mumbai,59.0,80278.0,2024-06-24,31474.0
CUST1741,Priya Singh,Delhi,61.0,45720.0,2024-04-14,17467.0
CUST1742,Pooja Iyer,Delhi,40.0,147788.0,2024-08-27,-100.0
CUST1743,Priya Singh,MUMBAI,,71536.0,2025-01-28,9815.0
CUST1744,Priya Singh,delhi,28.0,86474.0,2024-12-25,31660.0
CUST1745,Vikram Rao,delhi,45.0,22941.0,2024-11-26,26052.0
CUST1746,Anjali Nair,Bangalore,55.0,,2025-04-04,27885.0
CUST1747,Vikram Rao,Chennai,61.0,93425.0,2023-05-07,9570.0
CUST1748,Pooja Iyer,Delhi,150.0,98084.0,2025-01-17,28996.0
CUST1749,Amit Sharma,Chennai,60.0,36136.0,2023-01-13,33046.0
CUST1750,Rahul Verma,Mumbai,33.0,49252.0,2024-01-05,37307.0
CUST1751,Pooja Iyer,Delhi,-5.0,88893.0,2025-02-09,39476.0
CUST1752,Karan Mehta,Kolkata,22.0,120015.0,2023-10-11,
CUST1753,Priya Singh,Bangalore,53.0,110951.0,2023-09-23,27347.0
CUST1754,Amit Sharma,Mumbai,32.0,81953.0,2024-07-01,41512.0
CUST1755,Vikram Rao,Chennai,20.0,120968.0,2023-01-05,28698.0
CUST1756,Rahul Verma,,44.0,57584.0,2024-11-07,7071.0
CUST1757,Amit Sharma,Kolkata,63.0,110416.0,2023-05-12,40734.0
CUST1758,Anjali Nair,delhi,61.0,31410.0,2023-12-30,29595.0
CUST1759,Amit Sharma,Kolkata,,82173.0,2024-08-18,22159.0
CUST1760,Karan Mehta,Kolkata,31.0,124038.0,2024-11-30,18413.0
CUST1761,Sneha Gupta,Kolkata,33.0,149816.0,2024-04-13,46319.0
CUST1762,Anjali Nair,MUMBAI,61.0,119781.0,2024-03-15,25534.0
CUST1763,Priya Singh,delhi,40.0,15888.0,2024-10-28,7225.0
CUST1764,Priya Singh,Delhi,29.0,52862.0,2024-01-31,20984.0
CUST1765,Priya Singh,Delhi,54.0,70710.0,2024-01-27,-100.0
CUST1766,Pooja Iyer,MUMBAI,46.0,91697.0,2023-05-04,25887.0
CUST1767,Anjali Nair,Chennai,47.0,97781.0,2024-09-04,14592.0
CUST1768,Anjali Nair,Kolkata,41.0,126959.0,2025-05-21,48548.0
CUST1769,Vikram Rao,Mumbai,58.0,34126.0,2023-05-11,30140.0
CUST1770,Vikram Rao,Delhi,23.0,65084.0,2024-06-15,10158.0
CUST1771,Karan Mehta,delhi,61.0,51885.0,2024-09-12,26880.0
CUST1772,Vikram Rao,MUMBAI,64.0,21773.0,2024-12-08,37381.0
CUST1773,Vikram Rao,,65.0,135379.0,2024-12-12,30456.0
CUST1774,Karan Mehta,,43.0,119144.0,2025-01-18,14613.0
CUST1775,Karan Mehta,Bangalore,45.0,27647.0,2023-04-27,32081.0
CUST1776,Priya Singh,Chennai,69.0,57787.0,2023-08-02,31583.0
CUST1777,Rahul Verma,Delhi,57.0,133840.0,2024-03-15,29793.0
CUST1778,Priya Singh,Kolkata,18.0,120679.0,2024-02-12,16365.0
CUST1779,Rahul Verma,Delhi,,61859.0,2023-08-08,21724.0
CUST1780,Rahul Verma,Chennai,49.0,142546.0,2023-02-24,32467.0
CUST1781,Priya Singh,Chennai,33.0,126944.0,2023-10-14,46302.0
CUST1782,Anjali Nair,,48.0,34640.0,2023-11-02,1457.0
CUST1783,Vikram Rao,,39.0,42774.0,2025-06-02,20700.0
CUST1784,Sneha Gupta,Bangalore,63.0,110285.0,2023-01-26,14061.0
CUST1785,Vikram Rao,MUMBAI,56.0,70105.0,2024-01-13,2087.0
CUST1786,Karan Mehta,,55.0,63409.0,2024-04-11,
CUST1787,Vikram Rao,,23.0,30514.0,2024-02-10,31125.0
CUST1788,Sneha Gupta,delhi,57.0,140000.0,2025-06-14,
CUST1789,Vikram Rao,delhi,51.0,117293.0,2024-12-17,41199.0
CUST1790,Rahul Verma,Mumbai,39.0,,2023-02-13,9956.0
CUST1791,Rahul Verma,delhi,,99504.0,2023-11-28,2114.0
CUST1792,Priya Singh,Mumbai,68.0,103826.0,2024-12-11,2122.0
CUST1793,Pooja Iyer,Kolkata,48.0,75206.0,2025-04-07,30122.0
CUST1794,Rahul Verma,Mumbai,68.0,108487.0,2023-04-01,15069.0
CUST1795,Karan Mehta,Mumbai,61.0,56992.0,2023-02-11,33924.0
CUST1796,Priya Singh,Chennai,26.0,53510.0,2023-08-07,10715.0
CUST1797,Pooja Iyer,Bangalore,20.0,60152.0,2023-11-15,16347.0
CUST1798,Priya Singh,Mumbai,45.0,,2023-04-15,
CUST1799,Anjali Nair,Kolkata,21.0,51160.0,2023-05-22,38250.0
CUST1008,Amit Sharma,MUMBAI,66.0,16520.0,2024-05-12,13065.0
CUST1510,Amit Sharma,Chennai,54.0,145808.0,2025-05-02,25224.0
CUST1175,Amit Sharma,Chennai,40.0,58287.0,2024-11-10,
CUST1735,Anjali Nair,MUMBAI,23.0,29267.0,2025-03-08,20900.0
CUST1242,Amit Sharma,MUMBAI,18.0,99080.0,2024-01-14,49147.0
CUST1764,Priya Singh,Delhi,29.0,52862.0,2024-01-31,20984.0
CUST1540,Vikram Rao,delhi,41.0,32673.0,2025-04-22,1057.0
CUST1430,Anjali Nair,,64.0,35876.0,2024-10-17,11094.0
CUST1084,Amit Sharma,Mumbai,51.0,69082.0,2023-12-03,27260.0
CUST1642,Rahul Verma,Delhi,50.0,113900.0,2023-03-24,3303.0
CUST1255,Karan Mehta,Bangalore,59.0,,2024-06-14,21086.0
CUST1111,Rahul Verma,MUMBAI,36.0,115855.0,2024-06-23,24986.0
CUST1289,Amit Sharma,Mumbai,18.0,54947.0,2024-08-03,43218.0
CUST1349,Rahul Verma,Chennai,53.0,146016.0,2023-03-18,26923.0
CUST1703,Pooja Iyer,Bangalore,37.0,,2023-09-09,35114.0
CUST1521,Amit Sharma,Kolkata,49.0,51169.0,2025-01-04,47192.0
CUST1437,Vikram Rao,Mumbai,32.0,74761.0,2024-08-08,
CUST1565,Vikram Rao,Kolkata,44.0,15169.0,2024-12-24,2399.0
CUST1224,Amit Sharma,delhi,60.0,40483.0,2023-05-06,29562.0
CUST1371,Sneha Gupta,Bangalore,69.0,80971.0,2024-09-06,29391.0
CUST1301,Rahul Verma,Kolkata,,46286.0,2024-02-04,31209.0
CUST1537,Karan Mehta,Delhi,,122264.0,2024-01-08,23472.0
CUST1341,Pooja Iyer,,67.0,49484.0,2025-05-07,3729.0
CUST1135,Amit Sharma,delhi,18.0,70262.0,2023-09-20,31967.0
CUST1708,Amit Sharma,Bangalore,65.0,128735.0,2023-06-05,
CUST1047,Karan Mehta,Delhi,64.0,113272.0,2023-09-11,
CUST1666,Vikram Rao,Delhi,,70723.0,2024-12-21,42754.0
CUST1060,Karan Mehta,Mumbai,,38228.0,2024-02-10,35337.0
CUST1741,Priya Singh,Delhi,61.0,45720.0,2024-04-14,17467.0
CUST1117,Pooja Iyer,MUMBAI,63.0,96282.0,2023-08-26,43618.0
CUST1329,Karan Mehta,Chennai,25.0,,2025-01-28,24467.0
CUST1396,Priya Singh,Kolkata,55.0,72975.0,2024-06-07,33085.0
CUST1019,Anjali Nair,Kolkata,41.0,116998.0,2023-02-05,37577.0
CUST1558,Priya Singh,Kolkata,63.0,52789.0,2024-10-07,18136.0
CUST1081,Sneha Gupta,Delhi,-5.0,28350.0,2024-11-26,28919.0
CUST1073,Pooja Iyer,MUMBAI,20.0,100583.0,2024-06-02,20266.0
CUST1641,Karan Mehta,,48.0,69222.0,2024-04-08,18667.0
CUST1676,Rahul Verma,Delhi,37.0,105938.0,2023-01-09,49967.0
CUST1731,Karan Mehta,delhi,27.0,134856.0,2025-04-06,40220.0
CUST1756,Rahul Verma,,44.0,57584.0,2024-11-07,7071.0
